state_name,year,month,turbidity,ndci,cdom,ndwi,awei,lst_celsius,svi_score,is_monsoon,typhoid_outbreak,turbidity_lag1,turbidity_roll3,ndci_lag1,ndci_roll3,cdom_lag1,cdom_roll3,ndwi_lag1,ndwi_roll3,awei_lag1,awei_roll3,lst_celsius_lag1,lst_celsius_roll3
Telangana,2022,1,0.12139946786983136,0.05549559631433196,0.5601251344691976,0.05296653100259496,-0.24584135922614198,27.673840875129425,0.6395967341069909,0,0,0.13322512514044008,0.12086269391626127,0.06548978664111108,0.06501205975296775,0.5676658938007786,0.5625235331667474,0.05495602796742806,0.05621401782689116,-0.24948055316103834,-0.2472245385719492,27.67834978888155,27.671471550778627
Telangana,2022,2,0.18591117576469166,0.0750052433271978,0.6699572812216619,-0.09023340398124258,-0.022587873696635064,24.268400654412996,0.6280016634886295,0,0,0.17241541364917634,0.1838351069251653,0.07534551743792012,0.07556210633639805,0.6681663483715004,0.6719363801271415,-0.08330484642306446,-0.08656021625394593,-0.03244591178331333,-0.024008649186279048,24.280348283031767,24.272873890350866
Telangana,2022,3,0.15750605734588147,0.048613610382005665,0.6017823766677421,-0.07195256585771764,-0.12176004154999329,27.58052225809213,0.46966740727040296,0,0,0.1651471103091624,0.153339582554669,0.04223084072503419,0.04916064837710596,0.6025399700997259,0.6084895365446107,-0.07888011443469807,-0.07949350512948729,-0.1333298263014162,-0.1218751658222258,27.573235477422674,27.579062215364566
Telangana,2022,4,0.13169426217672814,0.10279436911425156,0.7501954601583587,-0.07438342063463257,0.007609436373372136,24.091932839361114,0.6571692812109373,0,0,0.13614200025504408,0.12756599376271743,0.10428800393696346,0.10461507059452486,0.7502672448274381,0.7397630718665033,-0.07277852439489778,-0.06332076543764636,0.0040090436858023085,0.00396905088409553,24.095666324958227,24.093494730413447
Telangana,2022,5,0.11373000327155702,0.11571480771588522,0.5315290471394438,0.015578434682679998,-0.02445245621299566,26.633735939064525,0.43950607103086214,0,0,0.10946731770479277,0.11795763377098308,0.12722700412374136,0.11848162555974832,0.5278549412714957,0.5305104114992358,0.033643596789300095,0.013824882459562517,-0.013952514538489977,-0.022757998221903053,26.630394574579928,26.627012693927178
Telangana,2022,6,0.17203839985864458,0.07600022746405505,0.641725192896128,-0.034775415448354524,-0.0013873048545980926,28.423200761177014,0.6488688147049149,1,0,0.18422034697618714,0.1773252413855357,0.08472219746478482,0.0744247938080845,0.6360077324765674,0.643388230447749,-0.02544413472494383,-0.03588901895223756,0.009264414802545773,0.005875778872832804,28.41403755198628,28.41901615765803
Telangana,2022,7,0.19420582194885955,0.056844520881071045,0.7102021186875997,-0.051719550448230206,-0.2082237787645888,28.0477901939726,0.6927336455646798,1,0,0.1915641118497062,0.1873644772552314,0.044311564608038395,0.04323313217645532,0.7196275709721345,0.710278253790687,-0.04124103913357864,-0.05740824042728717,-0.2079797053692572,-0.2071496462340058,28.0421723690243,28.040023054980264
Telangana,2022,8,0.1422192233880678,0.1006557528941788,0.47828505603985966,0.05506332973622244,-0.055375865831494564,31.491742672270313,0.5256909321338573,1,0,0.15079936534108926,0.13807824202324162,0.08047087425029242,0.10138107162397571,0.48621681292204644,0.47767477037925327,0.05048484587439755,0.0542665185754929,-0.05908169345550239,-0.0621161013911954,31.48459586550041,31.49434907179538
Telangana,2022,9,0.11203635762099862,0.03608442745251448,0.6896116755091686,0.08220199017197133,-0.12083925372608892,28.06780156825092,0.504649572237589,1,0,0.10161788216659333,0.11931426171344539,0.04415904580863893,0.03555198803661174,0.6850737506575277,0.6867420254693318,0.09313436124779342,0.09172415771284503,-0.1268931829653643,-0.11514717612281038,28.06808169740451,28.06673942360137
Telangana,2022,10,0.1988840541303663,0.07349088682878915,0.794758378155319,0.03864234030143415,-0.1754185346160081,28.008428565659848,0.5615184937860873,0,0,0.18913039385758382,0.2054015937900401,0.08013791428212025,0.07072628264195265,0.8047766266921383,0.792270523963393,0.030822305376323782,0.03484382471403272,-0.193129220146889,-0.17306082271391707,27.990117116876466,28.00228634650352
Telangana,2022,11,0.18759049249998946,0.11147690991094639,0.5971827886623441,-0.06746101242109889,-0.2179597887992909,22.887344001388517,0.49612038584206447,0,0,0.17700545529003134,0.18566651482912414,0.11436323141993018,0.10702082517073688,0.6003791154215189,0.5996077951199602,-0.07213923424942155,-0.0714846352831908,-0.217108998479491,-0.21897437611434312,22.88954751968125,22.895193333569818
Telangana,2022,12,0.19347955174927833,0.11182819225858383,0.727849947819058,0.07204783741532603,-0.19023409424887705,25.137274096855432,0.48525528871351864,0,0,0.1795941262109662,0.1854781962267598,0.09965536533637903,0.11262550479260447,0.7189220726641391,0.7304180201402135,0.07239497490285164,0.06220531634813576,-0.18368433840666015,-0.1861801010209185,25.127335470107084,25.139375054569907
Telangana,2023,1,0.15470453456155778,0.037870185161989686,0.5509452707186604,-0.046620867427510204,-0.23805656816627385,24.731688715815473,0.41293003268449724,0,0,0.15882562617176063,0.1574910560304602,0.03652873339932511,0.03988752975252927,0.545451672169306,0.557519169846643,-0.052275980309686665,-0.04063493500439806,-0.25281723908399106,-0.2399586044533281,24.728378934079338,24.733083674789214
Telangana,2023,2,0.18082682112162785,0.03621332432202374,0.5339156167562717,-0.07157421881071094,-0.05930640341421603,26.723633606437648,0.5067873320411922,0,1,0.19320335869674782,0.18272565930183232,0.026532866736921283,0.03466178579509922,0.5277723853153088,0.5303666717951041,-0.06178532322514314,-0.07843293445702847,-0.043218594856872294,-0.055165254963292915,26.734542223143684,26.72131890887752
Telangana,2023,3,0.12040876611557604,0.07221366727663385,0.7203754886165722,-0.10496033806684518,-0.21704106587776512,24.344116159465283,0.6051610374727096,0,1,0.1284195757534579,0.11485900193039479,0.08368428105503815,0.07292771423884677,0.7145979835350305,0.7173546505999929,-0.11879496318512885,-0.10764119889996514,-0.21968144349770913,-0.22234753353632253,24.343661509703992,24.34648074488791
Telangana,2023,4,0.1161694553273987,0.11692490877464994,0.4823177507957687,0.0353915271167074,-0.08599682053080648,24.57305572800116,0.6653436182790278,0,0,0.10226723607586408,0.11695826252386754,0.10595122558493927,0.10954028413699043,0.47492403672117833,0.4882772474678366,0.04489168540340385,0.036606550726979395,-0.1013238261297058,-0.08697822378774617,24.57607272809018,24.573933409149056
Telangana,2023,5,0.14237701199309236,0.06079193401007055,0.7846202928550265,-0.038786891793114786,-0.10328547986521505,26.396641631512406,0.5706866449845552,0,0,0.1398474950008347,0.13967138513041813,0.07146063489383095,0.0665475810398615,0.7824299747115018,0.7905885171828927,-0.04433997234697526,-0.03798865294607527,-0.09757139598802725,-0.09936157194514411,26.402856849998564,26.39497834560959
Telangana,2023,6,0.10512634591759983,0.06616886441130655,0.6695024919136359,-0.0374124035548018,-0.025311054741880445,30.187395281382884,0.5070947288405991,1,0,0.11098538792924631,0.10144249523786171,0.052016192492064676,0.06726153462336128,0.6795972097995956,0.6652777847206683,-0.05240256315938581,-0.03787162737647658,-0.026185408029652257,-0.022569456604107953,30.19689122709653,30.18709820547652
Telangana,2023,7,0.15250493402453846,0.09365510207151004,0.500869150998212,-0.03831838282433986,-0.21296504025689347,29.505364630572114,0.6517299096398834,1,0,0.14063028000715408,0.1548746045205952,0.08644884149560236,0.10124869383509401,0.507453076117437,0.4915669109985905,-0.02967594667699759,-0.04117525408642624,-0.21099940478046883,-0.20792502023542717,29.499868584725466,29.497136667501906
Telangana,2023,8,0.14734356593750214,0.10690926538819623,0.5360017544239569,0.06741242120304283,-0.22355967070699256,31.011090383811656,0.6330395311625892,1,0,0.14454363291875735,0.1409484122564032,0.1120622086044409,0.1027378563380231,0.5578427217577615,0.5388542904657295,0.061605938177503324,0.06435549496609969,-0.22448911277312844,-0.22475718031710132,31.022258721566956,31.012022464660376
Telangana,2023,9,0.1666927447458681,0.06918566910597762,0.7812480457576552,0.02981130014395797,0.029049560858764978,24.62108532336961,0.4158480059094166,1,0,0.16862594799341274,0.16485739271595973,0.06213744739599779,0.0816105188739109,0.7937742029538507,0.7754971854560833,0.03327766210961636,0.03710142652177959,0.01408756931800496,0.029434476565800748,24.622326050626803,24.614712858957112
Telangana,2023,10,0.16666856518925133,0.08610416093639163,0.6409876681829066,-0.027553533002939806,-0.09140301880321733,25.759100609224458,0.5003327581354312,0,0,0.17220005675304342,0.16392756369841746,0.10533861888464116,0.08223108608629873,0.6240958378032341,0.638631349479394,-0.04730841071511118,-0.023798035730403254,-0.11205384926578053,-0.09126073089730154,25.738322491025897,25.757499120201775
Telangana,2023,11,0.19205358851025547,0.031080272454541428,0.6211259502873396,0.035165895266656505,-0.10449460374278763,29.781532329535448,0.4709829348122522,0,0,0.19582450944768023,0.1882514975111986,0.029812912096682364,0.027504956351354297,0.6150269426586205,0.6290028976576204,0.03545380340404132,0.03575695522366619,-0.1112365093461699,-0.0986068801189397,29.77940654325556,29.778928011209693
Telangana,2023,12,0.10399225325637512,0.07041706627213883,0.6310452322548535,-0.007273236561963797,-0.15027199234769045,21.838498365381117,0.49465995419894065,0,1,0.09618068947506397,0.10269325255253756,0.08640244739310224,0.07442770856522943,0.6396674673737233,0.6239640969758903,-0.01878477392749249,-0.021468629859390933,-0.15836580055851798,-0.14548847641576215,21.8436678305386,21.837390799066355
West Bengal,2022,1,0.10562242948509723,0.07370708685720063,0.7651203201631447,0.0025907519545392554,-0.08607787773636039,23.459234122567754,0.6556145247414078,0,0,0.09332104704751636,0.10092012803616844,0.0740533342447931,0.08055730516305559,0.7487915417782409,0.7662969099703402,-0.002810278981448592,0.0032115349093957708,-0.0789800348305235,-0.08497383519691994,23.449131898546636,23.456727891876586
West Bengal,2022,2,0.1879837747941468,0.0883814658021628,0.759699567315681,0.005876327811834309,-0.21061360839855273,27.853185960648933,0.49290751333155675,0,0,0.18987705786707054,0.18946999616104743,0.07648914115139151,0.09365139465807718,0.7654196300986857,0.7561759251376265,-0.009499520152657445,0.005151804916427152,-0.21507304553716433,-0.2100479061132876,27.849554794037378,27.84314867634521
West Bengal,2022,3,0.11479583341094059,0.11861890298317555,0.4836389458358457,-0.11741171748918361,-0.18893953783393108,24.185237265236378,0.5696247819257614,0,1,0.1295097688944286,0.11450200984955694,0.11356873447950219,0.11901642664501404,0.48429245179682334,0.48403772847034177,-0.12600404891014783,-0.11844234002544682,-0.18133631908043252,-0.1898386209908313,24.18685508436239,24.186072450240008
West Bengal,2022,4,0.1363403931999427,0.11443630552722502,0.5102267105236714,-0.06695686948456686,-0.0397574745994779,25.834790261467834,0.6295948898576158,0,0,0.1422953021763353,0.13339091941762826,0.11311461197078129,0.11479770035414646,0.49522449190920204,0.5063325253095693,-0.053446140560435465,-0.06252591354164289,-0.04038387037275025,-0.03854185730691343,25.83184783641147,25.841573178396974
West Bengal,2022,5,0.186953367181498,0.04625917871801728,0.7790744708257119,-0.09530707289728008,-0.15213384790572054,23.8236912860245,0.582463413029934,0,0,0.20113575501056088,0.18275033004414978,0.053758678424529735,0.04553292224674234,0.7758688750004501,0.7727173669400862,-0.09629100272479246,-0.1010985028791101,-0.16894961890339494,-0.1515358545146333,23.81733705495614,23.832113028605125
West Bengal,2022,6,0.14193346804192886,0.0930987828627843,0.5642926173964049,-0.02384067800564127,-0.24779408663367192,30.000043430185645,0.6075160342404067,1,0,0.14082534243913797,0.13999225277432117,0.09253957837756216,0.09478857050394489,0.5732056542651025,0.5643137666913757,-0.01765181502540973,-0.015648879344286565,-0.24398099051102407,-0.24623582235364802,29.984854321934744,29.9868897795015
West Bengal,2022,7,0.13860509356518358,0.11700355260166144,0.6788665017161402,-0.12919423344798192,0.008887886993905525,26.46838003988258,0.5649151765489933,1,0,0.13825987556687047,0.13735604406676236,0.12019151951325077,0.1181190087269609,0.6914914006649097,0.6695567510417699,-0.1280710217932838,-0.12346334214445762,0.00790802252669861,0.004131540028214016,26.46234113872602,26.46641532987355
West Bengal,2022,8,0.17800480870400437,0.07244637286757355,0.490992641477416,-0.1084537500975627,-0.15018115704688628,26.557899940954023,0.6819773118657126,1,0,0.1779119230883262,0.17953971406743555,0.09058044985272778,0.07073197855978573,0.4937761278238627,0.4884465746644203,-0.11691734729643243,-0.11137828836465155,-0.15496874276210318,-0.14838377805915065,26.581390698821032,26.554319723772643
West Bengal,2022,9,0.14283518005688464,0.032439598710260975,0.7134006010351636,-0.14737169386458662,-0.02143303168675481,27.680167954329118,0.5606627419293395,1,0,0.15220022122418952,0.1473014031987203,0.029885196568708885,0.030908769420983424,0.7207465823181936,0.7167865094687887,-0.14554640106061223,-0.14731730007357546,-0.015822360846495645,-0.0301415494521557,27.676455207202974,27.671933635037654
West Bengal,2022,10,0.12790082903477967,0.06644717286385696,0.7995171743262619,-0.13625842329004448,-0.07643745453894057,26.20918468940501,0.42477164741058315,0,0,0.13284146822453488,0.11362769572025772,0.05787865421257896,0.06081690305930171,0.796953767542537,0.7968269355338112,-0.12827998549108682,-0.14555510714834477,-0.07598253977563306,-0.07364577242288205,26.22775116377063,26.20677585954954
West Bengal,2022,11,0.17331603781367996,0.11958793616329104,0.5150044797535036,-0.015444974532881184,-0.0900029356421185,22.647959735494478,0.6932369689551527,0,0,0.16996203860989167,0.18587373579803068,0.1191824300074687,0.1208089906760248,0.49979318023655783,0.5157559229113875,0.003874429214709707,-0.009011845482363542,-0.09610278185730393,-0.09198451747496059,22.636650732569535,22.64370391979323
West Bengal,2022,12,0.17817798259287265,0.07357557289470668,0.7176057801063851,-0.005877774215033521,-0.1473791696027334,21.17957614242706,0.6429936231050417,0,0,0.17843009126827347,0.1704623914531583,0.07521852054841237,0.08455668860547066,0.7225356446915296,0.7173181913413578,0.0048756598045354566,-0.0048244318890179674,-0.14528382730010544,-0.15283729546352892,21.181914622684957,21.184753359509145
West Bengal,2023,1,0.17180141781270014,0.06348392110309867,0.4369798068148267,-0.03552492621823214,-0.13165618274834273,24.238007188133217,0.6900202682605323,0,0,0.1772641539082768,0.16804961266999108,0.05102128096375436,0.05404626158805804,0.4310156316288935,0.4467340658266663,-0.03281385586926181,-0.030827029156456243,-0.14065672507498522,-0.13952343154885383,24.225796413492336,24.23752153258743
West Bengal,2023,2,0.13207335823115712,0.04730321266212827,0.5237878196354404,0.09372606820255874,-0.1266659749015454,21.011742313041488,0.5334138330575007,0,0,0.14366716866416235,0.13693886603623248,0.039512285268361265,0.04831939243505843,0.5192114871420642,0.5247162625375341,0.10881737833660425,0.0967540993657153,-0.12157989116921099,-0.12881752150131862,20.996901746392243,21.010699971988785
West Bengal,2023,3,0.11337781449939681,0.11579764508241353,0.4290662350324627,-0.10022664501601858,-0.14565329577008623,26.628849797233183,0.4376930477236942,0,0,0.13523493114553836,0.10965119708086135,0.10900031280640972,0.12404656351361754,0.4218814298348638,0.426139901028015,-0.11263018753752829,-0.09875840114670323,-0.1463255913915961,-0.15133918964909904,26.619921501260002,26.63651446408586
West Bengal,2023,4,0.1858322938878858,0.10603776768694576,0.5438702244892272,0.021808585865170732,-0.156149740742734,25.065415512537538,0.41827166297055485,0,0,0.1856335575342027,0.18529597005883108,0.11824059665112292,0.10065437204959068,0.5362450320977612,0.5490517389495896,0.01585323651333214,0.02631125125182869,-0.1391553809126469,-0.15815871587744215,25.07222913580329,25.05964705113084
West Bengal,2023,5,0.16096819082757774,0.11235886090410269,0.46254485665795003,0.03794954089673325,-0.0795194151193695,24.599050781684245,0.5001329791209393,0,0,0.14329808717752224,0.16181920107504458,0.12191209892534524,0.11398015488427868,0.4853272873637728,0.4527152116872151,0.03712093417137409,0.038036818222996524,-0.09296044328119363,-0.08528807907299092,24.59059949557598,24.593552545214
West Bengal,2023,6,0.19277457330754075,0.10809318881273151,0.6830482342962141,-0.12344654310288594,-0.0172368236590921,27.784010699672265,0.6423871984327056,1,0,0.19584860900473763,0.18865151205536695,0.11085919646784333,0.1140705920668589,0.6770819437100968,0.6935379309918762,-0.1287028524427398,-0.12328450803618526,-0.023961679619155463,-0.016120469479490793,27.766588482745913,27.78128049067818
West Bengal,2023,7,0.15454279502117133,0.042007470197088635,0.6766573607893274,0.0487528842321176,-0.20099366507705305,28.157555455732666,0.5401782988022508,1,1,0.16508200413523585,0.15898666060622707,0.04561946763460262,0.04413544146440262,0.6877377893731597,0.6746261485449797,0.04258457546089489,0.051632406416779277,-0.20248797993716394,-0.19538264723856447,28.161253190103817,28.154438702331216
West Bengal,2023,8,0.1735920406373949,0.0547588993403212,0.6556431387978825,-0.06475950658925286,0.049301678979397745,28.676768053622283,0.4790654438490334,1,0,0.18439260122878798,0.17830598320809526,0.05963195171077115,0.06011854866638019,0.6468503109737627,0.6573861143971874,-0.0660112508730845,-0.060525096069828296,0.04814943665387577,0.04737696453734734,28.682177138807894,28.68114889945824
West Bengal,2023,9,0.14593436555939565,0.0349591381642948,0.5707578911293211,-0.03274376507052912,0.02856665986824075,25.22080167313287,0.5575954793352165,1,1,0.15634350638746938,0.14559366999045886,0.037260149898993435,0.024003767801471478,0.5674068963413287,0.5763820764298996,-0.02008930987161258,-0.03770021697873072,0.037772642295358906,0.02475951109611283,25.217056350538996,25.21919175130057
West Bengal,2023,10,0.15976823355234593,0.10827262963664704,0.7563328593158535,-0.037740559907509574,-0.11220889353607788,25.217607419410818,0.4230907549024052,0,0,0.1542373353832046,0.16324755274781486,0.12000705240297148,0.10690990602983799,0.7529268722467548,0.7588335744814229,-0.051309915604505325,-0.036624794633771086,-0.10669003381785634,-0.10880774249398974,25.198239892385793,25.213800643061774
West Bengal,2023,11,0.15464763610253765,0.03822179184512002,0.7026586197409596,-0.004391230777926025,-0.19402297093804974,24.016524302418546,0.4171007162655802,0,0,0.14979229571614266,0.15512631527187046,0.03228854294882068,0.035529484542007314,0.7125879174339148,0.708131977922861,-0.021477773249352274,-0.0006558665586932628,-0.18003706089178867,-0.18623608685103185,24.021728099677397,24.011237313129826
West Bengal,2023,12,0.13524810469433513,0.041349912751076245,0.4519428053671524,0.019048936589134813,0.007580032094749445,26.25996168069507,0.6888197751583416,0,0,0.13847995951891717,0.14166718899360292,0.054299768599245804,0.04407101451277798,0.4604008340927817,0.4545131181292763,0.014437239268788624,0.022831759963700512,-0.0063649185938431715,0.01284948985622886,26.24801645129741,26.261390697129045
Uttar Pradesh,2022,1,0.17122202051771587,0.045830125507679585,0.49415330475934305,-0.026407297238560473,0.024450484999063438,24.078335320406474,0.6276930495562092,0,0,0.16748772356755406,0.1650394188359825,0.052585225484477444,0.048189437197834625,0.48532365077487527,0.5014876712101165,-0.02101449272975371,-0.028945963754709255,0.005856351739600838,0.025596219171559,24.077887864558914,24.07318175575014
Uttar Pradesh,2022,2,0.13545482088286076,0.08081346731612893,0.5009290977054981,0.07882248509481848,-0.17029433054012094,22.912771179728725,0.6687447194680584,0,1,0.1423595477440759,0.13678290584872344,0.08739109907763266,0.08046580588491759,0.48905916382244063,0.5062181686096021,0.07293136376700722,0.07414450360100636,-0.17207350929816492,-0.1748583851366035,22.90859687590883,22.91449144933654
Uttar Pradesh,2022,3,0.1130320433172336,0.08790860545655976,0.4788731927872265,-0.1255974904727521,-0.1999454265383267,27.693286862868963,0.5611827021004114,0,0,0.10041992479871051,0.11820149726257555,0.10257932180699292,0.09277169367009848,0.4777678368171497,0.4849616835081836,-0.1230514927740429,-0.1201450668482139,-0.18794667170051987,-0.20539990948819054,27.701229874188734,27.692377403276396
Uttar Pradesh,2022,4,0.17806993041716287,0.11191765117302267,0.5531333579073742,0.007658823745770121,-0.12095718037095213,25.27638127356803,0.5313295164964386,0,0,0.18177204931658028,0.18099150124933944,0.11091289396730562,0.11163069765801496,0.5572388587606504,0.5519780105200858,0.021590636325119178,0.011855569316928133,-0.11222893686089579,-0.1257879639878042,25.275587389323974,25.274878943824426
Uttar Pradesh,2022,5,0.16267533485423313,0.04314869089871882,0.7292014297787739,-0.09124217529702033,-0.05431566615446612,28.257876451287153,0.43223516578867244,0,1,0.14659638678994244,0.16145393015535045,0.04749165165867242,0.03971700666404469,0.7207674142942035,0.7303126079619265,-0.09046457609710953,-0.09121248444994459,-0.04572878103980986,-0.05628802962160623,28.2610723777851,28.255343437245774
Uttar Pradesh,2022,6,0.1100154997506767,0.05445458390083617,0.7263823157660827,-0.05542109820868513,-0.2234809098559725,26.301341028341184,0.5026676574336714,1,0,0.09824587862297703,0.11911821929038578,0.048790637988688934,0.058612667831738186,0.7284770166025605,0.7214596455136728,-0.05548064530081242,-0.051501084312131386,-0.22536352320683556,-0.21751534512671736,26.311556182269005,26.305935602614475
Uttar Pradesh,2022,7,0.11739637059033387,0.06250944530782306,0.6549208626152097,-0.13232584795390845,-0.14153794367111303,28.28570202598416,0.5423600687867323,1,0,0.11749654982532791,0.12427029108518502,0.0593584419476362,0.06714185468334914,0.6572074928965769,0.6635702896086269,-0.14709599658205272,-0.13814513654270758,-0.12322172082452916,-0.14520426913854478,28.279003992403403,28.28132340805666
Uttar Pradesh,2022,8,0.15060446924118367,0.04462599587677107,0.7838982885847877,0.06289535000430935,0.009136886889500984,30.296891913067448,0.5220321245716015,1,0,0.15116310863962865,0.14905622067124336,0.056086271626905215,0.03043846366978417,0.7837321851615286,0.7833691947972993,0.05835898612839252,0.07152648273248752,0.00026359230094327203,0.01299586777567929,30.30045444095451,30.303199509330124
Uttar Pradesh,2022,9,0.12107630994299062,0.051304842826844964,0.6512121858278148,0.05748489830311085,-0.12531166539125344,29.20023790159322,0.6007804875252505,1,0,0.11712415992515011,0.11384164959397633,0.05071285708275894,0.04398135845837524,0.6643603322762577,0.6511765677667731,0.0592666391508052,0.0713293598512489,-0.13124639214861736,-0.11656878582096077,29.196330582449136,29.199070339305294
Uttar Pradesh,2022,10,0.11923157727843506,0.07175426371094018,0.49832743480902986,0.07871053746291368,-0.14937795595109593,30.276350513241198,0.6856792043600116,0,0,0.126265978609824,0.13000622066535078,0.06860129715807893,0.06704915020760828,0.5007882709621939,0.4943160346733321,0.09353014514727903,0.07729444726818752,-0.15503371962983584,-0.1517345345568515,30.283534687475914,30.27556177832504
Uttar Pradesh,2022,11,0.17104218150124118,0.06770312623136268,0.6069088679017243,-0.1289467472057254,0.04537276891283393,22.530308572661816,0.5757425182645732,0,1,0.18061772869146003,0.16475205802509724,0.07501913725294708,0.07235947421134055,0.614227966963448,0.6120716519634922,-0.11330774575673008,-0.1348171178637703,0.0374860496013203,0.0498604867643529,22.541610770380192,22.526936857893958
Uttar Pradesh,2022,12,0.12812845635530343,0.06700145504334412,0.49373002626021073,-0.14508712931328804,0.013817917042158623,23.51222786934883,0.6896829494142651,0,0,0.13764151879829825,0.1307629459736324,0.06509273284781232,0.06601047666144552,0.4988316009493626,0.5000928770748536,-0.14382398731845605,-0.1474327835843401,0.0038892570313031685,0.006591890720097495,23.518890566069267,23.51511776196703
Uttar Pradesh,2023,1,0.14003566268398307,0.11524376424057192,0.5625850871808289,0.04295900880752748,-0.10483682063072228,25.98015925650299,0.46027340190565674,0,0,0.145512220403175,0.1377194669993704,0.12293622063617167,0.11587582838774,0.5508089771027112,0.5719506093039528,0.05273972748049848,0.04314714042675258,-0.10757183044872193,-0.10384344134307186,25.985334457494563,25.96999425282464
Uttar Pradesh,2023,2,0.14989679442207932,0.03649918668016691,0.673774144427723,-0.024194896285341383,-0.02045534504162083,29.224699418971507,0.5455871902185145,0,1,0.13943558357145427,0.15226383150064166,0.039408660323561766,0.04128838483570825,0.6658653265107773,0.6739441849088638,-0.037845114239607736,-0.02068742237571781,-0.01526663323721961,-0.01797631993648298,29.224715609285077,29.22677328342545
Uttar Pradesh,2023,3,0.14549568797277374,0.09781280449018326,0.45298826253677066,-0.013271121551718945,-0.08612571996074472,24.66975415555632,0.6559854395701605,0,0,0.13723053626031317,0.14841910438236333,0.09411054857151971,0.09977168710191797,0.4463796549145021,0.45424172461688445,-0.02139086307465371,-0.007349854471561613,-0.09202549686827084,-0.08282020728206987,24.657106482724465,24.67366002483937
Uttar Pradesh,2023,4,0.1873678034560749,0.041412161921408404,0.7466382754382015,-0.001606186396425513,-0.2118668527398928,23.0672318614636,0.5282625566079135,0,0,0.19766193446562816,0.1913513130914286,0.04156399134681273,0.036538129041794196,0.7530941525599434,0.7467351816266916,-0.024809342378729747,0.0023069627351570776,-0.21210918107858973,-0.20585459649997745,23.056279156275174,23.05134834239762
Uttar Pradesh,2023,5,0.18467850018697454,0.10487473875192468,0.5614079969760846,-0.06667503503236874,-0.10242159278826121,21.989395877983313,0.6381865254146771,0,0,0.1888649803951436,0.18101215676795365,0.10177973113188674,0.10045222338662459,0.55620205519928,0.5519484774698165,-0.07053188167287405,-0.06693437935121825,-0.10378490121291806,-0.09167382646959717,22.00773072375508,21.985641380628508
Uttar Pradesh,2023,6,0.19655179182347665,0.06396136295072805,0.5032907253039932,-0.08913323898330996,-0.11267061618875976,23.91212661069481,0.6278560446150832,1,0,0.21082484546636882,0.1944546180601839,0.07152624649388903,0.05439106259779071,0.5098852377151293,0.4992709832303558,-0.08605978281623027,-0.09037200107450852,-0.09946647609092142,-0.11704279443045935,23.91840267367043,23.910729073378327
Uttar Pradesh,2023,7,0.11266371255183744,0.04606678103453388,0.597212050063521,-0.12951539024046346,-0.19120594458947143,29.360430911805647,0.5634474027020295,1,0,0.11067521511666092,0.11769669112822594,0.05888813843813519,0.04417502162153505,0.5986652306167783,0.5974647317774855,-0.11461736392474993,-0.13356783315233003,-0.19585253911151684,-0.19537954613672046,29.34593940657452,29.361669847710907
Uttar Pradesh,2023,8,0.10774836265554827,0.031622610806302104,0.4409328718136253,-0.04737532157565516,0.02995787511470549,31.202596663555177,0.5912207443627664,1,0,0.08596624945823397,0.10510102783801323,0.026004189812785114,0.034019415573449216,0.41468470124988416,0.4536779203572139,-0.04206506062671306,-0.046630937556066704,0.04177355227889695,0.04167614537876861,31.21130413000106,31.207340729037536
Uttar Pradesh,2023,9,0.1136056234431643,0.10524710107157528,0.4619144139384448,-0.0747061032506603,-0.1753069302515905,25.269718646286396,0.5466852779315357,1,0,0.10650032264990222,0.11093442208334967,0.10675621070782598,0.10547013969374673,0.4744852116232555,0.4748859648623153,-0.06333071311915395,-0.07697164119753573,-0.1802408377486894,-0.17096361503981192,25.252885199340668,25.26814263165558
Uttar Pradesh,2023,10,0.19701168864184324,0.031978363332866064,0.7210789621344087,0.047008787393755525,-0.1608357658464712,24.523694129912283,0.440687984802194,0,1,0.20694951078714763,0.20388126056790049,0.023454495672125028,0.03435519138632612,0.7274035043008317,0.7187080712588889,0.039291067819826775,0.05505639072263539,-0.15856080708915066,-0.1576559270929125,24.515473369794,24.51759770757967
Uttar Pradesh,2023,11,0.1402260413683542,0.03461018667638819,0.5986061688922419,-0.11917037723117693,-0.1297089019934945,27.41786427940514,0.6409511534898193,0,0,0.13361111392907282,0.1333429698767408,0.020104688943901147,0.03651495085485525,0.5941566925876203,0.5940986933577712,-0.11313664550170373,-0.12322998552671689,-0.13245402498898373,-0.13418955433335705,27.42089865126764,27.424524660368725
Uttar Pradesh,2023,12,0.1911341816216409,0.07986893523562436,0.46979939455918207,-0.05532416110471017,0.002943459508923607,21.27792014133577,0.5932639047968853,0,0,0.20777150994307564,0.19266039725429765,0.08574285223368448,0.0869398716772798,0.4742733339298718,0.467293224020231,-0.05980958946998878,-0.05413138633584147,-0.00996215471053858,0.002227164932102644,21.288885612518072,21.266963872079945
Rajasthan,2022,1,0.16195825928270868,0.08971413106158391,0.734516525240984,-0.09613427318106749,-0.21385545326845962,24.632261400366758,0.6924280244008585,0,0,0.16384059200972,0.16390410833382593,0.08972121733838913,0.08826113867486825,0.7285753689361042,0.7275532814520678,-0.08330048153060098,-0.08510662533974042,-0.2018620854591771,-0.22015078139811334,24.640131566063168,24.63738028187486
Rajasthan,2022,2,0.11949427689701599,0.10441810624560258,0.625062169161097,0.040546877798520536,-0.035917790120958554,24.193124602757283,0.4622534486154637,0,0,0.11753729158554697,0.12479472559655931,0.10390287696035612,0.1069335580887213,0.6218746860086357,0.6199131099183878,0.03931343715805943,0.042092115013683803,-0.04247466731557299,-0.03709634634524189,24.183729970337424,24.198720827345102
Rajasthan,2022,3,0.17829236142575725,0.06983893634343898,0.5941066969370487,0.04447735168713421,-0.13529100068151162,20.855414627655122,0.510202154583184,0,0,0.16877316002346507,0.17573886835820843,0.08124756849954644,0.08005406535268392,0.597009162593719,0.5894743618458431,0.034876064300651384,0.04520189153378873,-0.13248136746986064,-0.12600135688122038,20.865122676180494,20.855835160094564
Rajasthan,2022,4,0.1509508873224202,0.07911747118014921,0.5437695307323269,-0.12963152557176452,-0.19199822991638435,24.32958549348116,0.6852234139638015,0,0,0.14437716178247295,0.15070606216812796,0.08623157697480416,0.09468202218536842,0.5518498926263476,0.5395292027421744,-0.13386912239199156,-0.1318985961136838,-0.2099546616426845,-0.19364868087489154,24.33691378429938,24.323214332885776
Rajasthan,2022,5,0.16509717452185446,0.10420653628199363,0.5670834267891904,-0.13172872724346243,-0.1679000845235627,25.11423568110235,0.6129211254403061,0,1,0.16794542730809084,0.16231995055752946,0.10442519370381585,0.10814314881022624,0.5683788231812509,0.567297341299812,-0.12678692510065448,-0.1283951969391694,-0.16852624270969194,-0.17027098980895344,25.116127714137093,25.106265862453235
Rajasthan,2022,6,0.14698043214486817,0.07099190148057255,0.6328579211258969,-0.060807377412687186,-0.20071886516322157,27.579356008992292,0.5511158303769869,1,0,0.13461907418456354,0.15325212394865487,0.07830190774842737,0.07368407626665481,0.6400152635376053,0.6448297306288091,-0.03895642846232607,-0.06424095412770366,-0.18448001523511004,-0.19880302421442708,27.58434696715367,27.570894654834074
Rajasthan,2022,7,0.10881422433907922,0.06722989712248863,0.7000643331818405,0.023350213357261007,0.047192821151653686,27.970627171216254,0.498859124132199,1,0,0.09079919437399846,0.11096011493845422,0.0755462727120044,0.06612172268963461,0.7029232028544083,0.6984356809055883,0.03075566701600537,0.023997523032887002,0.027336187593618094,0.051892725242117785,27.966731743270422,27.964275273860213
Rajasthan,2022,8,0.1424794181331412,0.06469972513425024,0.7661664805866815,0.040483593935774276,-0.0984653332767981,27.122132055311994,0.6965111700164712,1,0,0.13069018322015793,0.14138107087138638,0.07079498558633625,0.056922856465044025,0.7681749315178386,0.7666704359499055,0.04089646849164867,0.04566938842906549,-0.09512094812831288,-0.09107497378501588,27.112196160156053,27.122811678148086
Rajasthan,2022,9,0.11261376580161521,0.07765802535202117,0.5075446179916027,-0.14474077438488284,-0.03314823882993631,28.172860378175084,0.5617581382381943,1,0,0.10837272764577421,0.108936521199655,0.07739197430165136,0.08368099824886312,0.5093699989604294,0.5106793917328833,-0.14751130538767374,-0.14248045433412476,-0.04524038413476811,-0.03564684132703527,28.171833692089425,28.16647869857195
Rajasthan,2022,10,0.1686091153943487,0.11539114479227262,0.5072188749514551,0.05286648478792044,-0.23339205491847714,23.339566562215456,0.5614363030119439,0,1,0.1788968053085835,0.17111754062019263,0.11787439621743144,0.1157817334684527,0.5112212335067229,0.5082271394771014,0.042566762040151085,0.0530968808960862,-0.24412894150765466,-0.23298664220397303,23.334760082800575,23.35226347032937
Rajasthan,2022,11,0.16225753978327817,0.030904228294934843,0.47793619666214565,-0.027167392021967274,0.03515106847674043,22.53277315192819,0.6144088267019866,0,0,0.14327230948263245,0.15858352124722638,0.014337303099338939,0.029278414632826717,0.4685650262097583,0.4746846182628352,-0.021063655024714422,-0.027419707258981466,0.026855992887920257,0.03809357240804641,22.539441875378948,22.531087864497966
Rajasthan,2022,12,0.17828486179866576,0.10609597297565043,0.7196328583087819,-0.022880241172993476,-0.1801294484051555,25.27583304183612,0.6535989927066179,0,0,0.17136135405632782,0.17498966542422253,0.10035496622281445,0.10877804247510715,0.729971668858024,0.7175955577723239,-0.013800618036722986,-0.022262842127170505,-0.18137230617677985,-0.18118636955424533,25.28329915548214,25.277460930920054
Rajasthan,2023,1,0.1459941951293963,0.08462758046468388,0.4753999411182245,0.05124170847042134,0.0401984334060409,24.921527052602514,0.4258348331519122,0,0,0.12844630770817242,0.14015593621881417,0.08471898722291021,0.07497331576841884,0.46865703819237564,0.48815581238073774,0.05774393240449077,0.04683458393958457,0.054240092807044865,0.03523821560215523,24.91599010107116,24.915782795552868
Rajasthan,2023,2,0.13561939434613796,0.09273117125408366,0.6240463932037394,-0.053384358918016184,-0.12392511945773743,25.512159757332043,0.5686332647869689,0,1,0.13780598741371095,0.13338779176996624,0.09072477826582934,0.09456872330678667,0.6344507021301878,0.614271149352148,-0.0570737533083308,-0.05231531494831087,-0.13310488050384478,-0.11526927129890094,25.505805658529756,25.511953293897008
Rajasthan,2023,3,0.11910621393463583,0.1011462246780283,0.5815835332191439,-0.07458443959221278,-0.13479427781051256,25.871329132914003,0.4816946191543248,0,1,0.12530701391909918,0.12042572952072962,0.09959072999173503,0.1061468713567982,0.6059559589783861,0.5730377154431916,-0.06228688828663298,-0.07405814108709612,-0.12091226842197095,-0.13117250525418417,25.87194069751336,25.87512924762621
Rajasthan,2023,4,0.17640955865788793,0.052303119861621616,0.414536299326497,-0.12453818371440431,-0.03145181984576795,24.211688457630405,0.459900921412194,0,0,0.19425730904973887,0.1764768104809844,0.0500545893036731,0.04765915945435932,0.44389287834977476,0.4091696591653825,-0.12882666297046505,-0.12245899953297401,-0.025449690188325172,-0.02666215956968953,24.229764542708097,24.21421924590771
Rajasthan,2023,5,0.14120177389516564,0.04245578273713121,0.6663060961061469,-0.01883192332859443,-0.05818755983716736,26.352957337546083,0.5762109605726731,0,1,0.13850825284789806,0.14910909251258228,0.039359184615274316,0.042322026509260514,0.6808693808259427,0.6648044618771257,-0.013729160216903222,-0.014445170794895943,-0.060155369325937194,-0.05663837187116775,26.359568365322897,26.350952761578363
Rajasthan,2023,6,0.11783315124282163,0.05154328527078417,0.5671874032055548,-0.08720199884888319,-0.1538297241950503,29.631530329979988,0.44049354582149264,1,0,0.10156310203415414,0.12794610239566903,0.06406869258107648,0.04764818816318424,0.5699116171720909,0.5692747286546613,-0.07529114030114842,-0.09129502398218359,-0.14290865635522604,-0.156569250716085,29.618171705938302,29.63515101277656
Rajasthan,2023,7,0.15552958253281815,0.07748216601828153,0.6621743913762645,-0.09170311139459592,0.00932089615831927,30.226356586601415,0.4048373939116645,1,0,0.14459850692681694,0.15857872792113561,0.056685833195811136,0.08086820862503245,0.6513788872598703,0.6635593639784002,-0.07812970672713417,-0.08758952452209372,0.021564712859494885,0.014925138376558313,30.221113759172315,30.229348237470454
Rajasthan,2023,8,0.17453977391415396,0.06410603188312569,0.5211070430469701,-0.03516349745679431,-0.00461095169525394,24.55016620811638,0.6789765289436993,1,0,0.1815030025349572,0.17593377297608126,0.062019348170921036,0.0625426896544639,0.5296860312998836,0.5238748907023091,-0.03773649746297221,-0.02975293589182861,-0.005901292846551777,-0.008869262566925907,24.542576501127346,24.545272503934832
Rajasthan,2023,9,0.1772267556837506,0.03679743774232982,0.7310324869922808,-0.04308272854395773,-0.07118082066982148,27.479649300408813,0.4269102757044537,1,0,0.17066245604760935,0.17632585152688626,0.05051218556373904,0.03187516026000933,0.7265197816829856,0.7343050157558966,-0.042151140744781206,-0.042206853797412715,-0.08083358406581706,-0.07153873802783396,27.49096508492421,27.47160169549341
Rajasthan,2023,10,0.15578791835778857,0.05738768326387779,0.43458300284806095,-0.14964291423020581,-0.11512499412392133,23.605381698601946,0.6510590266679777,0,0,0.14807051021182074,0.15329810912369937,0.05226234215741229,0.05338004531335508,0.43111113789693833,0.43843701394800083,-0.16018126918384928,-0.1475038422544413,-0.13214401642410467,-0.11793168410613236,23.602086805599765,23.613755996966518
Rajasthan,2023,11,0.1989279945106385,0.03492704840336356,0.5420061064544988,-0.029524958222505643,-0.09905993357550408,27.272941016734073,0.6624241220466924,0,0,0.18980291676669814,0.20096777905939173,0.03847730458271285,0.04130193531346765,0.5439835978098795,0.5378605605513286,-0.04557250810161533,-0.031268973996870515,-0.11864168786433421,-0.10220236210705785,27.27001471053077,27.26949143684393
Rajasthan,2023,12,0.11105431663085806,0.049745045027662166,0.5857400999528567,-0.04168726692274302,-0.010092441399162655,25.083547314729824,0.621842396165234,0,0,0.09863185129536577,0.10542638106069821,0.038782841778976514,0.04940568811916476,0.5900564162492327,0.5894384772934459,-0.015967313747793335,-0.05293442919374684,-0.004005085507918485,-0.012878094262023812,25.077683163240938,25.080448454088554
Maharashtra,2022,1,0.1676093034164577,0.06645009887287935,0.7726177628426081,-0.1277475662759978,-0.09654230775715208,24.20003594434218,0.5857364200140088,0,0,0.1573078807642294,0.16583372058924215,0.05345372217425519,0.07733536211032123,0.7613712124494487,0.7780782776477048,-0.14251220269221582,-0.1254650546001588,-0.09904791144333899,-0.09968759141394411,24.202003367579838,24.200347243623828
Maharashtra,2022,2,0.13033642822141706,0.06535551688332622,0.4718604871821368,-0.0054819744968968576,0.03739380597466718,23.37506963263591,0.5509217800814827,0,1,0.11502107506898063,0.13608776520090854,0.0633026766883637,0.07094826660460285,0.46659517031117637,0.46924260724010386,-0.013123842363275323,-0.0011011048384314808,0.030299494401382424,0.040616783136743065,23.371245108659217,23.36518981613645
Maharashtra,2022,3,0.1943195849693451,0.11385582822784421,0.48274875016891516,-0.060445239689231794,-0.2051801834638683,18.857698024201945,0.6702280487352197,0,0,0.20209930860401154,0.19346585177185355,0.08979344671774524,0.1065724210212238,0.47853280954333915,0.476177896373391,-0.05251174645237121,-0.05835237525927602,-0.2015848240286896,-0.21820191813994183,18.852443440059876,18.8542099419489
Maharashtra,2022,4,0.11727573182810874,0.06414290383837679,0.7643336907959015,0.0038369601571435763,-0.1264160354163209,23.091891091790824,0.6803232383713644,0,1,0.12047538373956038,0.1102410148255429,0.059724414565968546,0.06469733575251888,0.7813796117288753,0.7587931285046072,0.013597367350703042,0.010834392292005291,-0.1327025784670666,-0.12780360351062206,23.081527999317085,23.09087378608542
Maharashtra,2022,5,0.19476236585206672,0.07276537794203654,0.526903669742747,0.04157601777972503,-0.10061542222532086,26.914467615497372,0.6601456453003365,0,0,0.18893349863830636,0.1951921527921528,0.0668938363517245,0.07010451566081931,0.5307584004473166,0.5289685725703723,0.03864647162208958,0.02848025675445833,-0.11352064949823376,-0.09751697761726029,26.893159235523814,26.92038852057921
Maharashtra,2022,6,0.19559800588260723,0.07782059579129481,0.559887820389771,0.08842590662292699,-0.05736692949234368,30.072314522277008,0.4894451068829667,1,1,0.1914877565175755,0.20070612080297243,0.07403299742526388,0.0882338974018438,0.5641964445799214,0.5535094070897923,0.08714044369040742,0.08516753101214491,-0.07931075419054393,-0.04936957479177473,30.079345947699206,30.074980558866503
Maharashtra,2022,7,0.1771243074033178,0.03349316530306219,0.4776515081783889,-0.015848122684056415,0.03044661213314037,28.59112120357349,0.49096245812790246,1,0,0.18001452790937184,0.17102837826449183,0.03245078550808184,0.029559132018580268,0.4698065474544936,0.4866477634068199,-0.007259174717457684,-0.017108502513606284,0.03716696158969479,0.028345269105185866,28.592228437915356,28.593329346815583
Maharashtra,2022,8,0.17667683563383357,0.06155784223114322,0.550724251109685,-0.01661139161160513,-0.24992769859445962,27.164788064456243,0.4723733008114084,1,0,0.18421103026885788,0.1736041417153781,0.05299435704833118,0.058499673547670425,0.5619105744512272,0.5507894679815698,-0.01840390186517425,-0.01716141910511039,-0.2370070952511944,-0.2536735572274758,27.177943147365642,27.16584054595085
Maharashtra,2022,9,0.1959592147609234,0.10133962290764553,0.6415212315375014,-0.026664602986904873,-0.23797927409552,27.942896030928637,0.44566846417506006,1,0,0.1971460056016003,0.1991958781884908,0.08506076351809336,0.09466083959511212,0.6628774925492337,0.638970627840107,-0.01936940947704285,-0.018173151024770094,-0.26112383488330476,-0.23234804319474145,27.94938546699123,27.9510980173333
Maharashtra,2022,10,0.11506109530685192,0.11393832904882308,0.5532235225684015,0.032380355494109614,-0.2438976754353467,22.636953676670746,0.4615561428714421,0,0,0.1158168590335523,0.12030541601622874,0.11364616499028322,0.11781390465676851,0.5427682277116609,0.5530922186020522,0.026135250943223838,0.03611525969463316,-0.24358275981272676,-0.24044730705366366,22.647830780932324,22.640411769546354
Maharashtra,2022,11,0.11310146186504656,0.08408614754977475,0.4137191605213247,-0.025608479152818525,-0.20354719551393177,24.04429520792965,0.5297311500149509,0,0,0.10187409561135977,0.11313628298225625,0.07605806720028718,0.08557134490417413,0.4009753091766355,0.41792094464100243,-0.005246917289230112,-0.029806175338321875,-0.19137750688711858,-0.20545659223591023,24.05935311914041,24.05523770286013
Maharashtra,2022,12,0.1018358383999224,0.08885947992782234,0.6474340596288461,-0.07253822081168002,-0.22426171453015314,24.532589976583083,0.42728063497391233,0,0,0.09429721726301278,0.10374910615730985,0.10010880538085475,0.08014562005841713,0.6515284449352686,0.6460507007702504,-0.07140427689201312,-0.07024325080330857,-0.22614373891788137,-0.22477964879718204,24.530451224907537,24.537441557592025
Maharashtra,2023,1,0.1720333369165993,0.1126456531841962,0.5632161846411267,-0.10218065724065073,-0.09486462074292415,25.36759874598686,0.5715692567376861,0,0,0.16788943899694697,0.17250587518183627,0.10216314154700568,0.11149552664462617,0.5729171955812532,0.5593335029184198,-0.10250615947152787,-0.10686288749889578,-0.10670304715344084,-0.09528891596787091,25.369336757635633,25.377568060683025
Maharashtra,2023,2,0.11621833724078774,0.0737798148427687,0.695415615790363,0.06671380325676651,-0.062122217601271984,24.089079232307583,0.6007160545950844,0,1,0.10881343617746615,0.1205424594332428,0.07529384532228603,0.0752720739126759,0.6875896298161771,0.698950777588417,0.08756093246907667,0.06167424477962548,-0.06551980767774722,-0.06096418023043153,24.09694329442754,24.086281500881135
Maharashtra,2023,3,0.15183239230398235,0.07156258334058167,0.5257736423245623,-0.004757853342101881,-0.031033264688920675,28.545213336628414,0.6097938763465911,0,0,0.1396143213723477,0.14342374962733817,0.06860756044525083,0.07102993781461125,0.5095780820368881,0.5244006306919601,0.003973978065684178,-0.006712468639725582,-0.02861193313218041,-0.029786413275282416,28.545091902517026,28.541687426508286
Maharashtra,2023,4,0.1501441473697911,0.05102622872837099,0.5638243709050037,0.0450210059337412,-0.01863255541287892,26.317627949767797,0.46843011337071555,0,0,0.13284152006494765,0.15681357609729396,0.07600037999256953,0.051256260662052695,0.5574132283027573,0.5779460238600189,0.03183132095071609,0.04512153826808669,-0.016836332686559687,-0.011906817310616848,26.321225339519064,26.315134780288854
Maharashtra,2023,5,0.1932443978377351,0.11525762093132659,0.5476070929644692,-0.11612078160981149,-0.09448011201008047,23.84679644651406,0.5219909580654911,0,0,0.18586481227448493,0.1921890544883091,0.1294951616843994,0.11257983553283261,0.5400327852169413,0.5417006589311051,-0.11581541665985798,-0.11022448493676086,-0.07445328434599455,-0.09305311512647203,23.848196383940422,23.844079080977792
Maharashtra,2023,6,0.13022767004964486,0.11055766554896831,0.7888213898493953,0.06483123776761901,-0.2169946836617369,27.246866757017976,0.6842283994179379,1,0,0.12997272876379287,0.12914187601396057,0.11114136845714727,0.10753837089278354,0.7853893305809649,0.7783924276548703,0.07456850007614269,0.06632522666922781,-0.2247292421020712,-0.20750100875496072,27.2477369218219,27.2416860391581
Maharashtra,2023,7,0.12845119597424443,0.034235507808925265,0.6674186780455942,0.0656926943648064,-0.20112920365678177,28.723523984207702,0.674302132799945,1,0,0.1316492930766436,0.1270260417328701,0.04065576282427846,0.03109829363154276,0.6681492599670898,0.659299985135008,0.06199358967023493,0.06853013797045629,-0.21146655232386247,-0.2027297060385322,28.6994732887086,28.716683613665044
Maharashtra,2023,8,0.19639160120731886,0.08774217131190548,0.4093731821469553,-0.042456022888921696,0.012502609923191077,25.787050887772196,0.4904368559232004,1,1,0.20218506880488663,0.2034517356000351,0.0814607339202137,0.0882368402470499,0.4127567565663149,0.40441029211331114,-0.042251851216792514,-0.04978439217563217,-0.00518789311420291,0.014336341962652361,25.783212140358888,25.788062289810302
Maharashtra,2023,9,0.11061300193090196,0.07435032112784601,0.4642853396763943,0.09456636588236852,-0.20244392979177717,23.46100427100518,0.5918159264362294,1,1,0.10851983576468696,0.10233109929519682,0.06922714802325507,0.07918304238044907,0.45752200816195177,0.4547606607893049,0.09714169741365837,0.09163372091690535,-0.20430278415250613,-0.20609327772409014,23.48074823844998,23.453213907325914
Maharashtra,2023,10,0.17028664440501012,0.036120920875717846,0.477515652009342,-0.09635879497678754,-0.028554773547493112,30.666991223788546,0.456741608898022,0,0,0.17480732278760683,0.16850677398308095,0.03641282591507352,0.03961079102636833,0.46519024889713917,0.474093193356278,-0.09178555216591988,-0.0858676876040538,-0.02993559689410793,-0.02559909295787345,30.665921509089962,30.676702451762328
Maharashtra,2023,11,0.15125762159242118,0.05409968831437057,0.5819803107367999,-0.03230375074682318,-0.038007243475319835,24.656629845261435,0.41266014057438954,0,0,0.1556900025732733,0.14497438533927592,0.05578482233770486,0.05599385647781796,0.5889340831008172,0.5915439449883325,-0.0540414397909631,-0.0326423367335867,-0.026089865117105558,-0.03862985559751416,24.633248120724502,24.650174647387185
Maharashtra,2023,12,0.19009077302669908,0.09067682539466523,0.6533075669349956,-0.12512594345484046,-0.06874781854822246,25.657139699354637,0.4362881986715477,0,1,0.1657376497088702,0.19351158906974386,0.08252926536642975,0.09155757765410369,0.6408093635391019,0.6519813792326445,-0.12478875290582993,-0.12378297554961896,-0.0798960404217466,-0.0627632638044157,25.65117075150732,25.64876735205237
Bihar,2022,1,0.1649863921702575,0.03222275679175002,0.7241036522069149,-0.015855452492844924,-0.16653484387935336,25.627280734815642,0.474970516491067,0,1,0.1716467379041561,0.16834952097461728,0.04992981329908801,0.02363206933986984,0.7120756202604616,0.7274146688766457,-0.02691170750998933,-0.02313839235914174,-0.14787639835650065,-0.1746345545376748,25.623768014444536,25.626983897559484
Bihar,2022,2,0.1543405852198264,0.057428482151759316,0.4727233862667799,-0.12852240294929487,-0.03576425772252523,27.618273283926555,0.4588702845063567,0,0,0.1405246680351906,0.14534951152278086,0.03519274047238735,0.054838137054384034,0.46971358314284767,0.469566201129364,-0.11608834497742325,-0.1223822519012542,-0.03911228759697025,-0.04473386328848504,27.612606232846005,27.61527417695697
Bihar,2022,3,0.10230470884066074,0.11070718949169701,0.4842826660299625,-0.09311653076588416,-0.16611957020646045,25.669788883504584,0.422542885953276,0,1,0.09334475030896289,0.09550486289006486,0.12298518937021387,0.11314766639859293,0.5019576899876159,0.4882025042860472,-0.10579796728219915,-0.09263468456558419,-0.1762758527536429,-0.17437761819005188,25.665316889573884,25.67469654788108
Bihar,2022,4,0.1998904699763077,0.0846986491869082,0.5618823497316681,-0.09369822494594959,-0.1728711731814665,25.549825421575015,0.5438364934449297,0,0,0.19761327382795016,0.20346793546015512,0.07070786490506345,0.07709721522570515,0.5663919760794328,0.5669160000878034,-0.10940974845712842,-0.08829065451445088,-0.17249575476659829,-0.16741214648609326,25.54912321795984,25.537214031987574
Bihar,2022,5,0.16674155305338312,0.03114888838661076,0.7486207425832991,-0.03831511867215179,-0.14711004408997655,24.63253345046639,0.5488968313853136,0,0,0.15576166737918515,0.162817171821595,0.048875804995609916,0.03165405582652474,0.7533165315522831,0.7480253118658189,-0.037377785640413254,-0.04657661511396251,-0.15751170714218943,-0.1416669705833798,24.634628070163693,24.630540915876978
Bihar,2022,6,0.16687532544498138,0.07885903191247245,0.7331574379548919,-0.11872777254089911,-0.21106511028321662,28.972342482931747,0.5670455080834922,1,0,0.1493515544935714,0.16257167962800467,0.08558292528858628,0.07969231099927168,0.7449673370079486,0.7351738107700777,-0.1283947914479257,-0.12270809322950228,-0.21003593637798423,-0.22263533061321714,28.98907690178798,28.974551216613634
Bihar,2022,7,0.13548457234306582,0.08514159102071464,0.6341501691163826,-0.013095974836563218,-0.05785501205733634,27.300296512443744,0.43578150161192303,1,0,0.13345840466702263,0.14168425637950877,0.0851488000900744,0.08999870034479568,0.6409153346641925,0.6286568943007721,-0.030267741535186056,-0.019279289669988542,-0.06212207573464423,-0.05718337155599697,27.2938135091703,27.30381183817745
Bihar,2022,8,0.17039366670345155,0.11511061833457241,0.5635708943026688,0.015492459862658542,-0.11054356575601879,26.944629611166082,0.589176609192563,1,0,0.17074254617434564,0.16351611225560783,0.12879141183945841,0.1157401252765472,0.5720821352864712,0.5696901738953818,0.018872015404108794,0.012531255638594469,-0.10078643197932628,-0.11053978821874581,26.951488189352165,26.933860958297124
Bihar,2022,9,0.11481007986271274,0.09716824313121691,0.40334188166885543,-0.10785023789149079,-0.0757609510439573,28.90632720812115,0.6116489955803871,1,0,0.11714187510066133,0.11528147633078414,0.08680459428989595,0.0930151352284937,0.42096315829964637,0.40416932863446825,-0.09038870009598021,-0.10535721379905463,-0.06822359467217282,-0.0710673329627665,28.894095819977057,28.907861961871713
Bihar,2022,10,0.19040349864545594,0.05881630506855948,0.6681015904177436,-0.10302410280039587,-0.06256138038438244,22.526002197275876,0.500935105545253,0,0,0.1809828968097135,0.18766351955175026,0.05667480196144759,0.0630020775002164,0.6648900000306867,0.6601734618838957,-0.09162342433544426,-0.10720955346847107,-0.06314858465542873,-0.06032869784967888,22.527998301459903,22.53147309501348
Bihar,2022,11,0.11572356650942335,0.09215604678732073,0.605373798850328,0.012651630813025866,0.016906223771499473,26.810133096719095,0.6252007042844965,0,0,0.11437975582762272,0.10754567137534211,0.10183550191873011,0.09160208940888184,0.6024589046377945,0.6026093191818594,0.014188371018667748,0.012433983480502534,0.012759199904229801,0.013392935045916219,26.791079792194587,26.80651407799734
Bihar,2022,12,0.16891433569803377,0.07631140046410204,0.48006168449974673,-0.07010264343500042,-0.07245762770100223,23.975409707478057,0.4216688044817434,0,1,0.1771166596810936,0.1730008667167254,0.08585225148566832,0.08240380153846047,0.5020818237463429,0.4782812242566515,-0.06900692763422184,-0.07218483560124055,-0.07243785925344412,-0.06479326092282067,23.96195956263875,23.971104459117228
Bihar,2023,1,0.16428020501620827,0.09235210787669179,0.7483870399450171,-0.06441647938475231,-0.019068307784324334,26.99178683117849,0.5583436324886862,0,0,0.16587628749021657,0.17197185721147104,0.09715729465777403,0.10395712785700081,0.7544218203616969,0.743847311377404,-0.06480921245426806,-0.0606081184532773,-0.010808766228123694,-0.024694632233362632,26.980851508313894,26.990080281947442
Bihar,2023,2,0.1592984747755494,0.11423947611015998,0.6712490006146585,-0.04639254688324085,-0.04313973732837545,26.06908722691238,0.5031938908949111,0,0,0.1459327897724002,0.16598176156434433,0.12972586906040035,0.11584055899990413,0.68346195007151,0.6719187925175597,-0.047343663360248506,-0.04805773497850966,-0.046243647242151104,-0.0508787451099206,26.071729774548455,26.06888555736131
Bihar,2023,3,0.1554058383460211,0.11377495777582267,0.4021395954776892,0.03705970154522503,0.020915195930754638,26.406626122915185,0.5627159680571316,0,0,0.15418260452469365,0.15893699321985644,0.11605486941291328,0.11689786932240888,0.3911292646188527,0.4030401228150163,0.029746455475738946,0.039609586131426684,0.013651602850983165,0.019191308703960158,26.387906413859955,26.40075989446545
Bihar,2023,4,0.1741637818617621,0.05723763065731331,0.6649487439651014,-0.11042923732515658,-0.043564702238094916,25.709747605872092,0.43845642184313854,0,0,0.18238728657071962,0.16997888008956416,0.06275727325063159,0.05551714051600165,0.6638040202471127,0.665687523502102,-0.11804748404174507,-0.10937740175745214,-0.028261356594550806,-0.047455176167258487,25.72146570730483,25.71723809403953
Bihar,2023,5,0.12825408636624436,0.06402224544909618,0.4411784578801145,0.029755705108400254,-0.09883336096261794,22.992300545938228,0.49733146859051985,0,0,0.13660158359267738,0.12839640360834012,0.06423954035899342,0.04986065385674991,0.4527744207738695,0.43048288725796025,0.02829633074726724,0.036393782366426784,-0.07674152129573115,-0.10064861028106084,22.977971055102056,22.998753287067068
Bihar,2023,6,0.10007168587065798,0.11431680870819137,0.46581014895712497,-0.0916048914444102,-0.17095796629184554,29.730313100240526,0.4113460409656106,1,1,0.10731760365788921,0.10231411314164018,0.11273143178402681,0.10972671339999655,0.4667339168735242,0.45798703832044596,-0.09017062577583526,-0.08724726951397052,-0.1834699576581823,-0.17862055767599386,29.746107479157473,29.727254302043004
Bihar,2023,7,0.1451638995518838,0.10710569518553076,0.7776379143721459,-0.06601346165526653,-0.08179165558729598,25.313749464710916,0.6629681472366152,1,0,0.14120789581942672,0.1563556653607381,0.09771615370584208,0.10245126896701479,0.7929122082409478,0.7786124503984578,-0.05548346138227912,-0.06964895935614636,-0.0828080140645865,-0.07521349627635476,25.312301055943557,25.31936473069855
Bihar,2023,8,0.14940116705993056,0.04066155345850336,0.40545593833435245,-0.0741951133203522,-0.04060285855066226,28.77453460086906,0.6370779711825081,1,0,0.12227504142182619,0.1486538885941056,0.026353241442256647,0.03827878445133574,0.4024677374440604,0.4036647164448149,-0.07971772584147828,-0.07968083156849627,-0.017683745882475396,-0.031265548529855504,28.762913942666497,28.78244518462558
Bihar,2023,9,0.16472222833978556,0.034029154981963815,0.42161905093989066,-0.035692395095113905,-0.08511330966818953,26.99232149222464,0.5182250945530096,1,0,0.1703287535355733,0.15929261569333739,0.03092694490946647,0.04113706926532718,0.4217873016027688,0.41930373121872055,-0.06453563876689591,-0.03335861907092101,-0.07721315557840774,-0.09361340850724059,26.991651768627413,26.9932865331763
Bihar,2023,10,0.12211476101106934,0.05422077773742093,0.7212532355744984,-0.13896360947813613,0.047627656108646,26.929203514607387,0.43910550391443753,0,0,0.12027443701907932,0.10967565072325769,0.05200296370025957,0.0590676242494612,0.7149392100188328,0.7215158674155749,-0.14652311654505534,-0.13716140109667227,0.04546242413328426,0.04293144840523597,26.94252902928404,26.93384817467505
Bihar,2023,11,0.11784506740983748,0.03716293326348382,0.7761588135782177,-0.08483340435947456,0.00600394928261716,25.74280806884606,0.45065008199577106,0,0,0.12279886556312235,0.12037112253026594,0.05122663731364876,0.031035490867389687,0.7677582132227997,0.7762950917400206,-0.09539564476615489,-0.09385042303061086,0.016935179041436724,-0.005139992047514088,25.738784241870817,25.746602790444854
Bihar,2023,12,0.1163920262046945,0.0643267928912811,0.45634744158034457,0.0062359426019580055,-0.03133884715342128,25.533399579004143,0.6795738197792367,0,0,0.11038816927598344,0.11709029465252124,0.06506016033906246,0.06917064236968787,0.46601922280473407,0.4588173284913728,0.002612467026496983,0.009945054073908638,-0.03225853181545175,-0.03674841899698694,25.529366701085035,25.533822213923067
Madhya Pradesh,2022,1,0.12748956582570878,0.03295198868492064,0.5681341556781996,0.07377500726656108,0.04479572344807076,22.92073211435044,0.6717548169997917,0,0,0.13170041572790683,0.1315424554273588,0.0419590658753406,0.028360971820665673,0.5745437636702305,0.5714605132096501,0.06356437728449252,0.07218192605542488,0.030234602483281074,0.04814383660997218,22.92738233904488,22.92788392834603
Madhya Pradesh,2022,2,0.1838621796198057,0.08892981761558341,0.49137034092336807,-0.08149705490361311,-0.1555476533773794,24.542402984371307,0.4350412323201856,0,0,0.1816461826759553,0.1766572714471811,0.09851798068026013,0.09456824908816555,0.47189691618195995,0.49626262995170084,-0.08960234120182937,-0.07721217721869919,-0.15623211830404357,-0.15540377555697443,24.540552007877096,24.548463630392476
Madhya Pradesh,2022,3,0.16366929143579417,0.04991140378260153,0.6708294850633791,0.043060068973319154,-0.10803604393468039,23.364591696027855,0.6682274107773536,0,0,0.1857111531146564,0.1656840143033122,0.0544818044385652,0.04278083519688601,0.6661009571335986,0.6768093673757977,0.03961685695561919,0.04375422938690822,-0.1235102652183719,-0.11072392863968411,23.37582208900417,23.35817854886822
Madhya Pradesh,2022,4,0.110927944536816,0.10149458025835707,0.43958744936348276,-0.08215465123010385,0.0065328265992320445,26.43415807399233,0.5039407861236002,0,0,0.1016690454979045,0.11035961109140882,0.10005798495938589,0.10066917743334185,0.43990504392929725,0.4399658170665497,-0.08647760302117716,-0.07579107756024753,-0.0051619796927981215,0.002927976056882563,26.461957710234564,26.428968117217384
Madhya Pradesh,2022,5,0.16317748436527554,0.0531406653598825,0.7794616323611963,-0.10756037544821603,0.03969595242992369,24.973334305927075,0.5000103514349689,0,0,0.1597504188291429,0.1545131161070474,0.07215187267255857,0.06100866355604543,0.7737038548119558,0.7840016281421085,-0.10249616769824572,-0.10443893566497182,0.02544417478491663,0.030655062817272885,24.985160249517776,24.96343781441189
Madhya Pradesh,2022,6,0.11418443976169852,0.04924210895964595,0.44220545856048044,0.020767393797531036,-0.05178178206725456,27.70361291723497,0.6851819114739618,1,0,0.11246770322245069,0.11967686414195762,0.05281872262595685,0.04956463882395881,0.45127090013158005,0.44256671880167003,0.04134550556850866,0.01357533796355824,-0.05693349105817474,-0.052414376552024314,27.70800744413955,27.709952719670486
Madhya Pradesh,2022,7,0.11985428588682018,0.07453456109592782,0.6969240982134898,0.04260294676716095,-0.10011447640037141,26.059232036497495,0.4841389672613957,1,0,0.137129806313027,0.1165129408875996,0.06928643275910493,0.06536674002599237,0.6995288157041986,0.6925293631972506,0.045568459981474005,0.03614823051553487,-0.09088434403142642,-0.0964263467497189,26.052173246356894,26.061030282286904
Madhya Pradesh,2022,8,0.13736056595340593,0.09133145512654542,0.42541428896956746,-0.05093816329589851,0.03914529835645414,28.16584111861916,0.5616942623350362,1,0,0.1410061807269605,0.13395969857166617,0.07848758476582028,0.09871085087906524,0.43032874407851146,0.4242688838149589,-0.06230849212737338,-0.05504723743800524,0.052171202324316455,0.03983360806079437,28.160335247949153,28.168389564775282
Madhya Pradesh,2022,9,0.17120079611981626,0.06464628503738014,0.5609178712305275,0.0458225231097166,0.038835442394219655,27.567791257633363,0.544282482425291,1,0,0.16103555249799023,0.16874794194538692,0.06314727389079634,0.06150179526716825,0.5792111678658003,0.5635045577039457,0.04082638987350183,0.04550438892247979,0.05298186906917313,0.04361855645289711,27.55382913948961,27.56291980482923
Madhya Pradesh,2022,10,0.17305146540263266,0.033629271574885565,0.4379073884138376,-0.14830295649410255,-0.20411704405737216,23.43630625195332,0.42069700261313786,0,0,0.16539101337862866,0.17074513015014112,0.011101337627572174,0.035309112442088446,0.4351789429504363,0.4427582638266769,-0.1592870486737281,-0.15139857123535222,-0.2191822966377633,-0.20913849687484343,23.424486431992637,23.441286120347552
Madhya Pradesh,2022,11,0.15771997464225615,0.03593029485287754,0.4765156626786058,-0.048148682097162804,0.03108477617260863,28.0250614046051,0.47652616672641945,0,1,0.14640434857679285,0.15695747429150458,0.032470486543852636,0.034296902023332604,0.47308503724474915,0.46615976326570346,-0.03821533708108513,-0.03384299925899438,0.03406748721861851,0.02540602193331716,28.014716018296618,28.028127274614558
Madhya Pradesh,2022,12,0.1192581632458528,0.03878568844816341,0.7591183225568104,-0.06252613408815033,-0.08460478280115577,25.770938951696486,0.507862943356001,0,1,0.1262895652182133,0.13175031566446027,0.03650563118006623,0.03175080113764346,0.7631410033288234,0.765723301504514,-0.061445992878355324,-0.0670593768139218,-0.07502484338635558,-0.0812870547086636,25.76067814325453,25.77284607978416
Madhya Pradesh,2023,1,0.1710173266590161,0.09096076614733647,0.40977075317625333,-0.0470630831024392,-0.150114925911288,22.79054738980465,0.5772615768922775,0,0,0.17761040785412938,0.16467386677480023,0.10882673638660344,0.08887971507813854,0.4158055632792687,0.41001737735975113,-0.04497644826994005,-0.04422216308573721,-0.15707512752729752,-0.14358791377996216,22.774752335633778,22.78535460827447
Madhya Pradesh,2023,2,0.11079624481108356,0.03626812809734391,0.6355744090250192,-0.01983616156647211,-0.027339697263660256,27.584858748674165,0.5529206530011811,0,0,0.10731467084291044,0.11042161203049132,0.03258193443948691,0.04030336018037734,0.646771286810553,0.6369896748363124,-0.0232292734378537,-0.02004284759051796,-0.027143701097883974,-0.031351847462984445,27.590648035159877,27.58715896029347
Madhya Pradesh,2023,3,0.1617694586188591,0.08799808526668348,0.4113349801533539,0.05713256489537713,-0.013517437548751121,26.75690714599688,0.46445638192749944,0,1,0.1516257090590396,0.15912484610693256,0.08307929834618695,0.0834785244408701,0.39335084093977574,0.39506258544686534,0.06908709201290693,0.049363099873139415,0.002147653718307961,-0.009820390105668809,26.75285026219882,26.759989256520953
Madhya Pradesh,2023,4,0.1494982794712461,0.041783812691409974,0.678488574448509,-0.09848155501570618,-0.11763109927248497,25.850266493427444,0.41950023668466657,0,0,0.14841688956733196,0.1550587825673528,0.04863671353851965,0.048793859321005585,0.6754597220105191,0.6852190734210802,-0.10041459728018588,-0.09112362960285672,-0.11784966674690621,-0.11409494240346359,25.865017617070542,25.84929935528454
Madhya Pradesh,2023,5,0.1821577691760838,0.07990402028890536,0.47191912539803016,-0.033060442260605116,0.040421750872903506,26.45763727531927,0.4098476496457721,0,0,0.1880833222553715,0.18737047713654637,0.08453564126769358,0.07299685702625387,0.47412810195884403,0.46616400185074147,-0.04270612158489687,-0.036319992437533304,0.04087048322950053,0.04229417876085993,26.45354785642686,26.455811362237803
Madhya Pradesh,2023,6,0.14533706056041573,0.07654087993019973,0.7054441918456635,-0.03816689333345305,-0.01304061368933837,26.99351268939664,0.5855038921136372,1,1,0.14317918929713352,0.13944825327045896,0.09123872251807469,0.07342952881572976,0.6870415279977079,0.7120850221154502,-0.04320987349157928,-0.041206012796531175,-0.030694489559638112,-0.004335906256353416,26.98061788352454,26.993804936800167
Madhya Pradesh,2023,7,0.1662906252344566,0.10672848667703703,0.5031758027147603,-0.02712144354204335,0.04265819870627052,29.9380811032707,0.42705871006007334,1,0,0.14928886510826836,0.17088078257785652,0.11359915737339824,0.11034522777135707,0.5196296210418316,0.5088075403769351,-0.02869565687977746,-0.027127782809480836,0.048667582513387785,0.04333907208000967,29.945132836489798,29.926929501146837
Madhya Pradesh,2023,8,0.120928776153012,0.030334769473625327,0.4966024907424245,-0.0225692070991087,-0.13601201432207424,31.761607037586632,0.5345455684007901,1,0,0.1143834404430289,0.11068120357207037,0.034070106307743014,0.03761194189320195,0.4906923061850902,0.4988027903875402,-0.0382506502333092,-0.020283141780646132,-0.13994583729952081,-0.13982410407508883,31.754003401174472,31.759638979676467
Madhya Pradesh,2023,9,0.11990823128279578,0.08289329055073288,0.4256174095459154,0.06560853253528923,0.038449903771144156,27.37117043326645,0.40664033530884913,1,0,0.1039525588205735,0.11201009402001989,0.07698027608376751,0.08587865335578967,0.4142529101593084,0.419406514197273,0.06235969631537184,0.06872319388434905,0.05655317967837112,0.04174458054541257,27.38201871066801,27.37290392140896
Madhya Pradesh,2023,10,0.14415472888798306,0.11504863070002587,0.4566445402471597,0.010708347703934501,-0.13540598636111623,23.629768040714538,0.6870444011772633,0,0,0.15248630655427742,0.14100348241296087,0.12369111454701223,0.10151091142311998,0.44944464491494035,0.4520242262104544,-0.0018267124197831157,0.009633573513539745,-0.13154848667929928,-0.1318926863686197,23.63217680828654,23.62643957339007
Madhya Pradesh,2023,11,0.16536564764056205,0.1160599056279265,0.4012083485424645,-0.0880168875485482,0.02833744381259462,25.315470415223363,0.6297289963142619,0,1,0.16845571696830552,0.15749749978535307,0.11687339446139414,0.11844397360304952,0.39630992912240043,0.400730985321034,-0.09913194135555943,-0.09426845546334477,0.03044559459218653,0.024689628733906538,25.297702158607603,25.309911523727692
Madhya Pradesh,2023,12,0.19722297092163577,0.043802834467417104,0.693331163486745,-0.14989742764020628,-0.07114519917928694,23.067241812415862,0.6747829011862156,0,0,0.20242986588586245,0.19182530666080558,0.05377342803195352,0.049439584914194534,0.6820326649145594,0.6892119791385392,-0.13798652080874435,-0.1506316952464828,-0.09334297865380545,-0.07814360670295037,23.064748116164136,23.061426599164438
Tamil Nadu,2022,1,0.1537416938599807,0.03202538946858178,0.5776452020701626,0.04533905459880008,-0.04598618308771904,26.460567638613927,0.405409602947569,0,0,0.15615169639395315,0.15479155696760385,0.04662193776443688,0.02787282797719407,0.5736243873189218,0.5772676522073286,0.05534838139075677,0.04645556629656111,-0.03615136413226713,-0.040815633135201035,26.466488006872126,26.4552476705311
Tamil Nadu,2022,2,0.15136333839286512,0.10227409722082918,0.5494601185491937,-0.052969635807875726,-0.22129296518259967,28.322187823793428,0.6743753305665243,0,1,0.1409149752538344,0.16028295136887397,0.11908902179500934,0.09785475274512553,0.5509330985530846,0.5460576483103735,-0.04682018941756194,-0.05042122042166408,-0.213175909466467,-0.21963337294406024,28.351541885857312,28.317048204968373
Tamil Nadu,2022,3,0.19190382770286712,0.11099185890192045,0.5792643493476008,-0.08139684209107956,-0.13204886963072077,21.97540401663201,0.48057388129989,0,0,0.18394008295197203,0.19292640771692326,0.10603889819310976,0.10855507207200063,0.5690097126024893,0.5788048712205224,-0.08314847944886912,-0.07933351697517045,-0.1291718935606036,-0.13303460653551283,21.960343128181407,21.980756913969902
Tamil Nadu,2022,4,0.17627990528758056,0.07617694965312449,0.6682988801887093,0.06183876347734171,-0.24713831379233653,24.82991132192395,0.5208670093150146,0,0,0.17925217750343142,0.18461618949632821,0.05493702147186814,0.0782450309409829,0.689654747489483,0.669709051284756,0.07834449310967019,0.0586927027296945,-0.24745878873397367,-0.2469706902803936,24.807735411130363,24.8240704327847
Tamil Nadu,2022,5,0.1687464804049728,0.05248807187321364,0.6561003659809106,0.06937231043287201,-0.1245605200619132,24.50061165506641,0.6851139254446279,0,0,0.16506198165131253,0.1687996617467162,0.03912804294886436,0.044867337337983565,0.6632427308078499,0.6539893163528216,0.07643715803868657,0.07496322551862555,-0.11257409397195857,-0.1326655614847949,24.49363336218387,24.50329958160163
Tamil Nadu,2022,6,0.14570239521926256,0.0845861002790897,0.6417038063947701,0.056789537106905846,-0.12249927576304076,29.106003343807306,0.4826340039371527,1,0,0.12219783669301895,0.15406673622875522,0.07594630178832891,0.08395343738035439,0.6326005629754873,0.6451796326364208,0.053033200499732445,0.0502654526547411,-0.11808265012118016,-0.12966792588709192,29.097629286554152,29.095468898234174
Tamil Nadu,2022,7,0.15371693216040289,0.04831819702336243,0.46230064914621194,0.0701054757184012,-0.11988288915057368,27.067578435612138,0.549392890776218,1,0,0.15283441753309002,0.16254813146189992,0.05333807359725076,0.045549652057983184,0.4550933092744576,0.4622642861712134,0.058840744470935624,0.0657861458864227,-0.12411349516083148,-0.11841617144093754,27.085838407729547,27.065153663478146
Tamil Nadu,2022,8,0.1606216642220766,0.0603229721769071,0.6341943753260143,-0.07108659325441899,-0.22391813179232375,28.923036092756227,0.46688500256732607,1,0,0.17933240904515774,0.1563672437768821,0.08473518940162625,0.06250860607556236,0.6351149266991343,0.6365755770929526,-0.04578731576189947,-0.07605455827407623,-0.23512231098168765,-0.22769246277518335,28.923357524225874,28.914407237132163
Tamil Nadu,2022,9,0.17440494512285779,0.07528972864646659,0.42711855833124507,0.030895175109995232,-0.008208961398713854,29.948524526172903,0.527977570316318,1,0,0.161909386095463,0.17485044895637716,0.08738467358291438,0.07880335701282304,0.43062908314079185,0.4171985749155103,0.030440156556192366,0.02697179817214273,-0.001098508354740224,-0.0032541704635355474,29.945504215945075,29.94518931879396
Tamil Nadu,2022,10,0.12147445024083575,0.062037155174901285,0.5136416596909732,-0.10597767801403651,-0.027000125930303015,28.112601591031865,0.47562096605505144,0,0,0.1233443523380824,0.12125308364161251,0.054747562674569664,0.06109208368648891,0.5154446084960076,0.5095673189464265,-0.12074030345405432,-0.09694980585060244,-0.03333285297740574,-0.027483926446237462,28.122709988382066,28.130246866969717
Tamil Nadu,2022,11,0.11495493185569446,0.03934554474998348,0.4494289962397962,-0.12474293837718536,-0.06708754133897207,23.75183050992501,0.4520716432454319,0,0,0.10733451658181796,0.11289747564958805,0.044759985743880855,0.033956015444225544,0.4430221463048202,0.4474325855243687,-0.12481046242873677,-0.123363015912623,-0.04666496293386416,-0.06422691275093012,23.757789823395402,23.750497444858613
Tamil Nadu,2022,12,0.11701526411445169,0.0529248450411794,0.5052984699322178,-0.01094090149355681,-0.12657672047186036,23.040268408605137,0.6843198412018916,0,1,0.110149876582914,0.12283214439026945,0.06361276825512233,0.04649484650859693,0.49441435757548935,0.5181009847289962,0.006568357925714627,-0.01109849406019733,-0.12400298940768686,-0.1297309524865963,23.04459193574714,23.036682499101524
Tamil Nadu,2023,1,0.14372816482446177,0.06631937587323194,0.45478665381769434,-0.023307489820552973,-0.21203640664108683,28.17801151754574,0.4774793073661491,0,0,0.14231890558547364,0.1422932038955068,0.07782424637356547,0.06506819504494657,0.45160875167857123,0.46031522669691083,-0.02644313095025862,-0.01684722165941736,-0.2248828025949643,-0.20864713676688168,28.194474809622697,28.183050802033016
Tamil Nadu,2023,2,0.13422655927897464,0.03754863646968108,0.7971215912744058,-0.11820438659187227,-0.2282954848491828,21.26545289672945,0.6635592247621467,0,0,0.12090207580002899,0.1400823974425054,0.02289888900863219,0.03420636191541519,0.7871406449967155,0.7883501670102934,-0.11725911091598759,-0.10917394100268746,-0.2016264326259827,-0.22780970591375155,21.276619709480126,21.266613369919092
Tamil Nadu,2023,3,0.12419277281192366,0.10886631136715437,0.40761736370971674,0.033113657283432435,0.02993396635059592,23.491915016664905,0.4134643049418154,0,0,0.1436338498471786,0.12179423911413455,0.10856378474990017,0.10793114322278076,0.4271644756823296,0.4061632906461788,0.029290237873675903,0.03370521302401578,0.022998557455974067,0.030491964935103488,23.51563105246658,23.49341349444266
Tamil Nadu,2023,4,0.16156243966831269,0.03114808317366875,0.6780918622990944,-0.0455001957699121,-0.0803327550320839,25.52649184345316,0.5947241806056653,0,0,0.15879354611062466,0.1582038357220223,0.018606473303712713,0.028372999665948202,0.6640681694648561,0.6885473336627568,-0.04572455628971783,-0.04578994847872569,-0.07445198828040558,-0.07552102918575104,25.535950725018708,25.5318599531727
Tamil Nadu,2023,5,0.13109730213830334,0.03896975298690983,0.5089868736132385,0.057946325046289826,0.04414123933492131,24.44129344917335,0.44201344364026873,0,0,0.1310622448707166,0.12734102416982998,0.04035918108394999,0.038167435227824606,0.514259970547234,0.5092486880992548,0.058716465006127413,0.060910386220461264,0.058330420054048156,0.051436351076380754,24.454697513374494,24.44564569502206
Tamil Nadu,2023,6,0.1986414018482889,0.09590615106831264,0.7107785553570085,0.06811570377091855,-0.18530807118224524,32.170821244184296,0.42514124772851825,1,0,0.21154600926205241,0.19891739806093936,0.11639323364530114,0.08777868971731348,0.7052107676285748,0.7109417495404629,0.0794895147472077,0.07011305063392947,-0.18220334364043772,-0.19094439014501596,32.159251830212,32.17243376748574
Tamil Nadu,2023,7,0.11234635737307361,0.11820467486788362,0.5574876678612151,-0.09314456781911767,-0.19860263666368752,30.092514426874345,0.5930656368962253,1,1,0.12836847126039036,0.11113096709267757,0.12684339146340368,0.11626209475610134,0.5382231184666196,0.562506121416775,-0.09617940411768507,-0.09414178639855796,-0.19424675749676912,-0.1968384684479244,30.09707564346187,30.084365761048115
Tamil Nadu,2023,8,0.18240944904843742,0.03047917715139578,0.6259276651545584,-0.0651991421820205,-0.15319488787665392,29.112618024072987,0.593471897159475,1,0,0.1929099394639717,0.18403274022595,0.03190908349948795,0.02184912405806195,0.6232239981869467,0.6257907435525397,-0.04566807019929475,-0.06176435902152711,-0.13783427605955864,-0.15020719934718027,29.105504991803492,29.113203645153735
Tamil Nadu,2023,9,0.11164455240847115,0.08368271197895572,0.5099916767894561,-0.13008871774130853,-0.12111917696543598,24.142637130274316,0.6161301106677334,1,0,0.11776242289849778,0.1175270045966463,0.07596561510837202,0.09013623955551636,0.5239551518285746,0.5086917571631926,-0.12980443510419135,-0.13475948877655625,-0.10631031405890265,-0.12867811269528065,24.147986836997955,24.139652984333736
Tamil Nadu,2023,10,0.14765679435800186,0.05664589590350524,0.6059717981569932,-0.10865739362170351,0.04331384384764997,22.784294360886978,0.4323773664894982,0,0,0.14818738748732804,0.15198324313867811,0.05187713129706688,0.06503147525443959,0.5913667891628083,0.6119281015651523,-0.1019060230576343,-0.11723755986325696,0.07042178683805529,0.04299511742013014,22.775519520665423,22.77725892491306
Tamil Nadu,2023,11,0.10838979606289094,0.03470487350449851,0.5013828518692065,-0.13143828516736356,-0.2188675874095778,22.483960177467324,0.6614637042124378,0,0,0.11718117930328634,0.10926602203305374,0.015388633732729758,0.04018758748437458,0.4812528455461097,0.49203333845462444,-0.14061031196867993,-0.13595756287712524,-0.20490737375576296,-0.21972336934332962,22.49643403038707,22.481120590074394
Tamil Nadu,2023,12,0.18461191855551118,0.09621461881002988,0.4846867113847863,-0.11367849756355333,-0.1551122953823127,25.63529273802127,0.6928211758095713,0,0,0.17983352004847328,0.18438888589459618,0.10963642012247841,0.08654418008273199,0.4849175179742905,0.48781122935805654,-0.11174401181363537,-0.10712917171638567,-0.15585574867989793,-0.1560350525932424,25.641216033491403,25.635789307096026
